key,weight
跌破,0.6238022497405559
下跌,0.3264323408801271
拉回,0.06737898234545847
重挫,0.057304321985259664
看好,0.034219464390128726
拖累,0.03591220761586364
心得,0.0349592336552741
大跌,0.04258230119485255
集中,0.031420967918122
需求,0.03415556248902693
保守,0.03040844527351916
跳空,0.029059602907342576
下挫,0.02531588608582698
取得,0.02525501497309192
走低,0.027159832326915767
避險,0.02234102331505746
新低,0.022023071622085142
跌停,0.02260371267063848
提供,0.0187868586462251
挹注,0.018583927226720916
下滑,0.01820083751919721
有望,0.018074306734884388
降至,0.017318657513165383
出刊,0.01637904673188813
守住,0.015291837235667988
平均,0.015358953159923952
最大,0.01496280843523615
看法,0.013488872267992195
重新,0.014457123887637912
能否,0.014350208633522462
回神,0.012910679768200277
值得,0.012326998826187223
收在,0.012473723932439569
普遍,0.012347032920874452
升值,0.011769248885930264
衰退,0.01346112589312283
扮演,0.010251717583143315
逐步,0.01026077950835122
逼近,0.011332884645198271
甚至,0.009932324934187468
助攻,0.009749459939019744
重大,0.009554991141213713
跟著,0.01117051165752873
原先,0.009774070836766407
仍為,0.01013938750452608
提前,0.009976648765155218
破底,0.011428292695779394
縮至,0.01117051165752873
排列,0.009225762732537609
未能,0.008977853085085856
較大,0.008420847249521659
付款,0.009705535855881459
精測,0.009881606466275415
真的,0.009151536084208095
最低,0.007938164157359606
攻高,0.008678628287772322
出具,0.007660911719224593
率先,0.007165577779368778
研究,0.007676199786221582
投入,0.007022511050027313
需要,0.007556867579456179
依然,0.006916289628300761
達以,0.010912730619278069
放量,0.00738902927221977
拉出,0.006863240049184703
至少,0.007448294953572059
特定,0.008017437657542245
恐慌,0.008050018382688623
同意,0.007287904802063008
接受,0.0069843562905249155
承接,0.0067298527674822285
受限,0.008382784196753253
提案,0.006389518085973678
限制,0.006035928621612267
知道,0.006541295763295407
反攻,0.007323622427820624
反映,0.006186568553254437
仍須,0.006616379981767018
改善,0.006712801141629663
不易,0.006073862304981493
揭露,0.006377091958277402
不到,0.006597063935192162
控股,0.00539627152910916
買權,0.005413401803263922
引述,0.005939206601166416
不少,0.0057651589474255905
得分,0.005864602402232133
熄火,0.006036709313257096
不含,0.006025591549814198
化解,0.005811364366245589
拿下,0.006217246542308539
微幅,0.005918527045889438
更多,0.0060540107792097855
才能,0.005042827010929007
超前,0.006149908699351959
急拉,0.005648004814744083
逾成,0.005585255828764365
工作,0.004833269565044887
扣抵,0.0046516419753074535
放空,0.005849133754904512
得免,0.005906243219935743
跌到,0.007213129953334075
點賣,0.004811912714012378
未經,0.0054993288160141455
不再,0.004479167792573116
切入,0.004687082393293179
仍然,0.005573345810466553
縮表,0.005241547777763481
達運,0.0054993288160141455
攀高,0.0052339040119158756
不振,0.00582774483393051
升高,0.006163781205708453
等待,0.004240092909784011
相互,0.004365838790213834
最強,0.004554131675761713
革新,0.004736495507589397
不同,0.00398353485062001
降到,0.004094847433237258
不宜,0.004577597147740553
定存,0.0043253185827768865
交付,0.00459038259916968
引爆,0.004631533342059126
遭到,0.004739713968338712
支付,0.0038764237004442702
休市,0.006098256366327169
拓展,0.003684456871035026
稍早,0.004151591161170729
承壓,0.0053274747905137036
停止,0.009445309265110582
不作,0.0039852262720410135
收入,0.0033812362329002283
想像,0.0033471760381744747
自結,0.003780788561009725
蘊通,0.003179299471758177
打底,0.0039385382284215145
就算,0.003082349177716044
急跌,0.0030933724590079567
婷婷,0.0039731982488409884
重建,0.004100796163040675
算是,0.003332008692273677
密切,0.003377288876625457
再來,0.003351153497258619
巨大,0.003369028531525153
分享,0.003033285459520582
回落,0.0029386413714767804
到底,0.003211479461043507
小黑,0.00505628079459846
重跌,0.00289616385196547
建立,0.002790334386757423
最弱,0.002950461213215695
走向,0.002936866161808348
有待,0.0025574336633910023
正常,0.0032471088017627064
平平,0.0027177987722357268
登上,0.002504778314506961
出手,0.0030692471799350233
提早,0.0024958142542438927
休兵,0.005780307105162908
失利,0.002692595863472583
茂達,0.002835591420757293
建中,0.0025676754569759997
加班,0.0026200897716102556
仍要,0.0024042100243245376
通知,0.002388857339662323
必要,0.0023335982962829644
稍微,0.00257619322377619
已向,0.0022446938065031233
最差,0.002736785509010329
暫報,0.003952642586510165
交出,0.0022709988930401
滑落,0.002934963508391469
增速,0.002168310322174344
取代,0.003064449006840153
反向,0.003031483957357307
暴跌,0.005979270011200199
等到,0.002811463466528496
抱持,0.0023795335130046644
力拼,0.0025778103825066304
不輕,0.0022341023315057464
高出,0.002420853188985603
仍未,0.003103258558092103
遇到,0.002572391884323963
生活,0.002331469594793965
真正,0.0022077577834725107
位居,0.002159639749872275
上有,0.0036022905999292727
仍多,0.0019763212932550826
治療,0.002062248306005305
遭逢,0.0020654981547909464
做出,0.0026554477352994025
主攻,0.002029915996001351
掀起,0.002334000496485082
相同,0.0018992045568532348
停利,0.003608934535509283
立即,0.0018796048430060304
不跌,0.002662541064026393
蔓延,0.0020183926426830165
旺旺,0.002508104902246149
表彰,0.0019123483393017168
很大,0.0017595299914213629
沾光,0.002126247559176867
援助,0.003242129044729923
反手,0.002044571588012392
大致,0.0018428793080240355
停工,0.002513401029528057
下以,0.0018044672677546415
自然,0.0019266372764405906
垂直,0.0020649367413310142
反覆,0.002611890904275949
澄清,0.0019783970848508197
了解,0.002051453376953144
上限,0.002326179904922553
不休,0.0016729309321813885
看看,0.0021388692009293667
精成,0.0019763212932550826
完工,0.0019454478147764274
不可,0.0020479519351631237
超微,0.00267749692637087
跨入,0.00228275159090385
囊括,0.0015794050943859926
已將,0.001546686229503978
應會,0.0017185402550044199
放假,0.0020830442552246514
突然,0.0018677250228073632
出走,0.0021071908526274553
不明,0.001744251043200529
同期,0.001642381326610938
治理,0.0015464797225142495
教育,0.0017142070790012007
反制,0.001530465173994264
慢慢,0.0017486913656904839
失控,0.0027942613989177514
情怯,0.00259775326825131
不見,0.0016326132422541991
工控,0.0014607592167537571
超買,0.002062248306005305
相挺,0.0014607592167537571
被迫,0.0018858147734400945
保留,0.0015393198345459186
受挫,0.002444075340987156
好好,0.0014487384380699644
不必,0.0014373243619127847
恐再,0.0023200293442559674
受訪,0.002405956357006189
下使,0.0014607592167537571
致使,0.001463654184467429
回台,0.0026976668554917448
大展,0.002393018198451774
招工,0.0016157287596181187
加分,0.0015076997820520099
善意,0.0020200417227755935
一大,0.002226960533603686
尊重,0.001596468167714606
得到,0.0014908606514997089
自主,0.001311631164952094
淘帝,0.001546686229503978
靠著,0.002405956357006189
滿手,0.0022341023315057464
停牌,0.004362956804250792
跳水,0.002699323972392131
上移,0.001485677509834324
可看,0.0012280794587326688
引起,0.0015811573263010054
查核,0.0022323138157108254
直得,0.00213337487372832
具名,0.001330624070501053
首先,0.0016325678336371805
感到,0.001626319311534641
清明,0.0026571911130733785
特高,0.0013676329300948056
大好,0.0011638089782983892
充沛,0.0012060024378211275
回答,0.0011518478308088294
展元展,0.0018044672677546415
低進,0.0012889051912533152
或點,0.0012029781785030944
購為,0.0012889051912533152
究竟,0.0011588128865987193
反正,0.0012735427406460286
配置,0.0016676533994981564
加油,0.001139424368534217
退潮,0.0014140292059429153
攀上,0.001612362936375542
想法,0.0011925520404163106
跳升,0.0013819922293142235
告知,0.0012683363611142337
攻下,0.0011142581323757429
切勿,0.002821808133453104
管制,0.001097586256091341
修改,0.0014563468210742705
收到,0.0015843502287483378
均亮,0.002062248306005305
持強,0.0011170511657528732
翻空,0.0012029781785030944
展示,0.001359354815894686
直到,0.0010611256215765452
相差,0.0014272518211697225
看上,0.001585512077568265
留下,0.0018209307483648754
吹起,0.0013627899170973285
到位,0.0019706333231248427
推手,0.002118341685145227
休假,0.0013776175060829312
回收,0.0019573002232183547
已是,0.0010990674396912173
承受,0.0014594392666743335
移除,0.001325181999845465
奇怪,0.001346650169758494
果然,0.0013067983932651462
控管,0.0022629099509814767
超跌,0.003263431860988521
未解,0.0011170511657528732
探至,0.0011170511657528732
漸趨,0.0012029781785030944
暫估,0.0016326132422541991
請用,0.0022341023315057464
追逐,0.001934086640173798
留在,0.0013039111892963985
共享,0.001192417803256018
直落,0.0010837235279061576
常常,0.0010474187971088286
特殊,0.0012277017007266745
截止,0.0014310396376036286
停火,0.001106516868638007
克服,0.0012337454128351793
敏感,0.0009017896738114096
不妙,0.0014698708889184704
多元化,0.0010148287930991106
吃掉,0.0013321117410774331
先以,0.0009194696237149511
直攻,0.001546686229503978
增價,0.0011170511657528732
還算,0.0012889051912533152
總經,0.0014607592167537571
惟須,0.0010311241530026524
徘徊,0.0012038067378712972
永新,0.0011474316035708382
乏力,0.0009317052761888061
打落,0.0008745515279967223
穿戴,0.001997177241260072
要到,0.0011079393828473266
力推,0.0009244321955308461
不妨,0.0010152267282597914
有感,0.0012380266589231419
不算,0.000894654847859294
低廉,0.0012608305989563493
領攻,0.0008592701275022099
挾著,0.001546686229503978
跟跌,0.0009451971402524312
急著,0.0007733431147519892
以較,0.0013748322040035364
存股,0.0019763212932550826
增成,0.0012889051912533152
選在,0.0012029781785030944
連三,0.0008592701275022099
穩揚,0.0007733431147519892
震一,0.0009451971402524312
看少,0.002062248306005305
就此,0.001032737409481984
不高,0.001027105986615107
安定,0.000777537657485463
不敢,0.0010326110232935378
派遣,0.0015444590015979644
充分,0.0010990326134107688
流失,0.0009582419686427507
辛苦,0.0011361886270127293
看似,0.0011681594667361476
上班,0.000903951708173252
下台,0.0009515231231256332
硬挺,0.0009496623281548514
更是,0.0007972189443627046
延宕,0.0010973372192140994
安排,0.0008299284954437314
好奇,0.0008397949692514752
自有,0.0010252768248190502
喊到,0.0007733431147519892
往點,0.0006874161020017682
等漲,0.0006874161020017682
應以,0.0013748322040035364
沒了,0.0007733431147519892
等著,0.0006874161020017682
賦能,0.0008592701275022099
勤誠,0.0013748322040035364
暫宜,0.0010311241530026524
重獲,0.0010311241530026524
仍對,0.0012029781785030944
看著,0.0006874161020017682
前值,0.0014607592167537571
滿到,0.0006874161020017682
交替,0.0010298574100117161
放在,0.0007619070102230336
超出,0.0006911149343642859
更以,0.0008114457036678717
打到,0.0017113804490275072
再下,0.0006515509304412517
重登,0.0007384759178290339
真是,0.0006528460783945603
起伏,0.000979948077557843
不得不,0.0010029884986460572
群聚,0.0008094489439433037
想到,0.0006449507730922107
未知,0.0009004653214941742
不受,0.0008141706705062281
炒作,0.0006517752047271916
盯上,0.0006272245164002673
生意,0.0007582320372404352
指示,0.0011093008230083305
回覆,0.0007122467461161385
耐心,0.0008284594166721773
很久,0.0008761388837628929
聚落,0.0009553531497548284
戒慎,0.000899493505279349
落差,0.0013512696155381055
修成,0.002373647343774825
停留,0.0012550176947341634
投注,0.0006674076809066536
操刀,0.0008875136880087979
升評,0.0007733431147519892
位速,0.0016326132422541991
看回,0.0007733431147519892
恐僅,0.0006014890892515472
要來,0.0008592701275022099
難再,0.0006014890892515472
已近,0.0012029781785030944
強過,0.0007733431147519892
可擇,0.0007733431147519892
沒錯,0.0007733431147519892
忽多,0.0006014890892515472
前高,0.0007733431147519892
攻陸,0.0010311241530026524
出掉,0.0006014890892515472
表要,0.0011170511657528732
誠美,0.0010311241530026524
量化,0.0010774242172535166
查不到,0.0012745084825698822
上行,0.0008719442147709646
往上,0.0010613152889395302
不行,0.0006802404211921481
被捕,0.0017628343741807125
感受,0.0008919309957989463
回暖,0.0006908488412576997
催化,0.0009232362775309607
解析,0.0008597704204230665
延伸,0.0010288835080716182
雇用,0.0009138119453258533
猛烈,0.0007571162309050005
冷淡,0.0007291703505697671
下有,0.0006058067074184018
起舞,0.0006149493374808629
移出,0.0005568455451156138
手持,0.0007720298631776723
一再,0.0006334269519923522
可用,0.0009013627255420588
招聘,0.0012449916831809064
低落,0.0005418554752132943
受邀,0.0005462137938725049
短缺,0.0012874500946487744
跟不上,0.0006632680081874834
鼓舞,0.0010968125097066707
透明,0.0008153049542786088
迫使,0.001003827013037009
登台,0.0008993916515419724
查表,0.0011484910665327365
涉嫌,0.0008234145122133015
重演,0.0013126861807046801
越多,0.0010599942975153638
外加,0.0006223760044362345
博弈,0.0007030365001260717
撤回,0.0004915692579298052
至約,0.0007733431147519892
成重,0.0005155620765013262
政伸,0.0005155620765013262
洗盤,0.0013748322040035364
難解,0.0005155620765013262
慘賠,0.0005155620765013262
較小,0.0006874161020017682
拚當,0.0005155620765013262
仍難,0.0006014890892515472
需依,0.0006874161020017682
張排,0.0007733431147519892
看請,0.0011170511657528732
靠近,0.0009093832920044996
制定,0.0005107280763656227
吞下,0.0004909384984874252
已久,0.00047612766961179355
害怕,0.0005087815144453629
抗癌,0.00048563741667332727
折合,0.001002810911784844
算出,0.0011693564390717116
改用,0.0010019908381265318
在意,0.0004683453499832527
抵消,0.00046655388360907667
引入,0.0006110050619689924
再造,0.0006088564515885486
分布,0.0004788909904430483
防水,0.001004374798562824
重工,0.0005007137681434948
可知,0.0005126175414126663
助理,0.0010784320880384828
救援,0.0007933994615848829
收成,0.0004597923193935038
叫好,0.001168691753774321
些微,0.0006215693689132951
忽略,0.000721030956561415
接到,0.0006286866673833977
深受,0.0006587316097706412
衍生,0.0007668097880517801
有趣,0.0004905706059001488
接收,0.0006537833223799838
淘汰,0.0005431582092512596
旋即,0.0005057095849449783
混沌,0.0004418896898295802
叫做,0.0004678647866553581
大意,0.0006186701953790422
收出,0.0008641356704379452
退伍,0.0005150676147735523
推定,0.0009565541417223114
一同,0.0009334399554966324
列出,0.0010253359762012408
育成,0.0004274523394629368
掌舵,0.0004968646037697929
狂升,0.0015018729331581935
想想,0.0004526251090694832
相中,0.0006262661418790027
理解,0.00047783263965851347
得知,0.00044573154069325145
上彎,0.0007733431147519892
暫以,0.0005155620765013262
慶騰,0.0006874161020017682
可藉,0.0005155620765013262
下讓,0.0006014890892515472
點盤,0.00042963506375110497
研通,0.00042963506375110497
估賺,0.0006874161020017682
可待,0.00042963506375110497
沒到,0.0013748322040035364
點以,0.00042963506375110497
倉佑,0.0006014890892515472
有口,0.00042963506375110497
帶著,0.0011170511657528732
越趨,0.0005155620765013262
倚強,0.00042963506375110497
難漲,0.0006014890892515472
更上,0.0009451971402524312
智伸,0.0005155620765013262
強守,0.00042963506375110497
已點,0.0008592701275022099
賣賣,0.0005155620765013262
口持,0.00042963506375110497
上逢,0.0005155620765013262
能縮,0.0006874161020017682
訊映,0.0005155620765013262
看以,0.0005155620765013262
殺破,0.0007733431147519892
告失,0.0005155620765013262
就先,0.0006874161020017682
抱著,0.0006014890892515472
承啟,0.0012889051912533152
正均,0.0005155620765013262
售予,0.0005947706251992782
建造,0.000388268670097393
划算,0.0006741242947041192
砍成,0.00042060322851064137
表述,0.0004475094239898797
忍不住,0.00038050008543100914
透漏,0.00041339144735385664
不住,0.0006597746463274562
僵持,0.0007225307876183631
回春,0.0005666142607603125
不知,0.00039531087795798085
衡量,0.0005820006803852595
被套,0.0005651169442484206
吞噬,0.001496462537668749
翻天,0.0006190133294615709
准入,0.0006774209710969832
存有,0.0006744229075761714
延期,0.00054743784518785
最深,0.0004832137213728464
果真,0.0004211888414989183
掰掰,0.00039965434896174
剽悍,0.0006711052070884875
奠定,0.00044003477484902284
搞不好,0.00073221629053311
分化,0.00038544594782493686
冒出,0.0006323609903488898
下手,0.0006852593917077202
失衡,0.000455368889760866
自信,0.00039168169144328566
不堪,0.00033525376675382925
革命,0.0005967574879282957
太慢,0.00041751076125266844
恐怖,0.0005515925005707017
更正,0.000479551838223853
砍掉,0.00047646413688148234
走到,0.0005847606555925162
一期,0.00032296503414592424
吸收,0.0004928497945277337
生命,0.00079374926704263
有用,0.0007862611527611463
落成,0.0003275132040937417
自救,0.0003923030011675663
打群架,0.0006962799849173776
砍出,0.0003481399924586888
施工,0.00031039939934290254
已深,0.0010311241530026524
去化,0.00042963506375110497
惟受,0.00042963506375110497
可守,0.00042963506375110497
沒人,0.0007733431147519892
點為,0.0005155620765013262
仍僅,0.00042963506375110497
受壓,0.0012029781785030944
遭罰,0.0006874161020017682
沒賣,0.0005155620765013262
旺實,0.00042963506375110497
增班,0.00034370805100088404
追空,0.00034370805100088404
躍為,0.0006014890892515472
沒在,0.0005155620765013262
易跌,0.0006014890892515472
沒漲,0.0005155620765013262
暫難,0.00042963506375110497
買滿,0.00042963506375110497
反增,0.00042963506375110497
應先,0.00034370805100088404
偏緊,0.00034370805100088404
發功,0.0005155620765013262
轉穩,0.00042963506375110497
一邊,0.0006874161020017682
選市汰,0.00034370805100088404
拚賺,0.0009451971402524312
發元,0.0005155620765013262
難撐,0.0006874161020017682
良得,0.00042963506375110497
暫未,0.0008592701275022099
連凍,0.00042963506375110497
沒買,0.00034370805100088404
了近,0.00042963506375110497
一至,0.00042963506375110497
搗彈,0.0005155620765013262
出運,0.00034370805100088404
查照,0.0023386831137263073
棄購,0.0012889051912533152
放送,0.0011484910665327365
雄安,0.0011170511657528732
僅較,0.0010311241530026524
比約,0.0010311241530026524
必應,0.0010311241530026524
不退,0.000947110035804409
逮捕,0.0009315846727429613
收割,0.0009227191774432712
研揚,0.0008592701275022099
建準,0.0008592701275022099
分點,0.0008592701275022099
做生意,0.0008361832670900687
翻弄,0.0008205287975878153
照相,0.0008061685741396709
建新,0.000791982471900925
抱怨,0.0007813837619761799
控創,0.0007733431147519892
喊買,0.0007733431147519892
興能,0.0007733431147519892
集成,0.0007659163016895354
留住,0.0007160464627334737
掏空,0.0007085343883027736
打至,0.0006874161020017682
連升,0.0006874161020017682
也直,0.0006874161020017682
點與,0.0006874161020017682
吃到,0.0006874161020017682
最猛,0.0006874161020017682
付出,0.0006763942142689052
起步,0.0006739657658162687
凝聚,0.0006561210055711687
完美,0.0006469272138408793
分之,0.0006441198152989715
手握,0.0006308418691246128
欣欣,0.000627049839550914
另行,0.0006219967065932568
持久,0.0006209172928491952
催生,0.0006165350846952784
展出,0.0006144615724122563
放慢,0.0006144615724122563
寫著,0.0006014890892515472
不繼,0.0006014890892515472
續揚,0.0006014890892515472
不旺,0.0006014890892515472
驟降,0.0006014890892515472
了要,0.0006014890892515472
誠供,0.0006014890892515472
連紅,0.0006014890892515472
點及,0.0006014890892515472
逐底,0.0006014890892515472
稍亂,0.0006014890892515472
收中,0.0006014890892515472
停買,0.0006014890892515472
購同,0.0006014890892515472
更直,0.0005994815234426099
萌芽,0.0005849782047481798
不慎,0.0005828700159835978
事先,0.0005774497505947084
抱下,0.0005695888133029534
放行,0.0005662355155824535
不畏,0.0005658274607476622
鼎新,0.0005631429712155082
稍晚,0.0005583976027629432
巧合,0.0005548815762257506
相近,0.0005546391973549347
再往,0.0005509041616847197
指引,0.0005349442799122383
削弱,0.0005219770326974635
移至,0.0005159846164623688
剩口,0.0005155620765013262
互連,0.0005155620765013262
需視,0.0005155620765013262
再成,0.0005155620765013262
大虧,0.0005155620765013262
凍產,0.0005155620765013262
需以,0.0005155620765013262
恐上,0.0005155620765013262
衝達,0.0005155620765013262
轉倉,0.0005155620765013262
似已,0.0005155620765013262
震盤,0.0005155620765013262
最易,0.0005155620765013262
更已,0.0005155620765013262
同受,0.0005155620765013262
導至,0.0005155620765013262
掃到,0.0005155620765013262
詠達,0.0005155620765013262
反台,0.0005155620765013262
期為,0.0005155620765013262
暫守,0.0005155620765013262
鼎收,0.0005155620765013262
齊弱,0.0005155620765013262
趨弱,0.0005155620765013262
含該,0.0005155620765013262
永騰,0.0005155620765013262
占有,0.0005137304920668884
形同,0.000512551403373177
不理,0.0005095708994737901
打折,0.0005067646864657471
低下,0.0005009328742624365
扳回,0.0004960697368246278
神秘,0.0004948690930940795
外移,0.0004923172785526892
只好,0.0004902846452168163
返校,0.00048269397532757843
逐日,0.00048216612712902597
病逝,0.0004806781778846665
喘息,0.0004776048515310472
玩弄,0.0004671911271421794
深重,0.0004666954212398025
遇上,0.00046637776886326887
打上,0.0004652369497850165
真相,0.0004637987976401417
哀嚎,0.0004624245684130327
落寞,0.0004606640764380745
打下,0.00046021397913215996
善加,0.0004600855823564082
神奇,0.0004600562247954745
拿掉,0.00045897264142833534
永久,0.00045865557969682383
要用,0.00045758929765466085
增高,0.0004560995402468249
蒙受,0.0004533433457650204
挺住,0.00045138716916917626
用到,0.0004469569868258498
搞定,0.00044375684400439893
再三,0.0004431215945643908
需有,0.0004362843165496273
追回,0.00043343980896447135
指漲,0.00042963506375110497
觸抵,0.00042963506375110497
看受,0.00042963506375110497
簽屬,0.00042963506375110497
上為,0.00042963506375110497
留著,0.00042963506375110497
要出,0.00042963506375110497
原已,0.00042963506375110497
要加,0.00042963506375110497
碩均,0.00042963506375110497
實漲,0.00042963506375110497
穩漲,0.00042963506375110497
縮腳,0.00042963506375110497
變快,0.00042963506375110497
很難,0.00042963506375110497
回大,0.00042963506375110497
幸賴,0.00042963506375110497
沒量,0.00042963506375110497
遭控,0.00042963506375110497
搶補,0.00042963506375110497
可享,0.00042963506375110497
略較,0.00042963506375110497
仍向,0.00042963506375110497
時許,0.00042963506375110497
增反,0.00042963506375110497
攻新,0.00042963506375110497
宜慎,0.00042963506375110497
拚高,0.00042963506375110497
至點期,0.00042963506375110497
受抑,0.00042963506375110497
講白,0.00042963506375110497
回可,0.00042963506375110497
也漸,0.00042963506375110497
建通,0.00042963506375110497
續買,0.00042963506375110497
難脫,0.00042963506375110497
減存,0.00042963506375110497
宏張,0.00042963506375110497
並跌,0.00042963506375110497
貿進,0.00042963506375110497
頓失,0.00042963506375110497
波換,0.00042963506375110497
已為,0.00042963506375110497
回去,0.0004272499841109202
防制,0.0004248361608566274
意在,0.0004213888964031424
利好,0.00041981450033070505
相似,0.00041830688815657635
自用,0.00041814967760017815
超高,0.00041751076125266844
一面倒,0.0004168167415023683
深交,0.0004168167415023683
履行,0.0004091277757427386
加息,0.00040669122962854083
居然,0.0004049919046298705
空缺,0.00040494590462498287
稍加,0.00040447457682247156
占到,0.00040282564652418303
脆弱,0.0003994746252449201
出超,0.0003977468179397242
接走,0.0003977468179397242
借重,0.0003977468179397242
增效,0.0003937495479957161
最慢,0.0003937495479957161
解聘,0.0003937495479957161
完蛋,0.0003930158449124901
寄出,0.0003919061497193213
抓到,0.00038485458219727293
包下,0.0003838867303650621
射出,0.0003833925416869479
警惕,0.0003825639762539263
坐收,0.0003824772011902794
投保,0.00038197844566734
不成,0.00038173758130456345
爆冷,0.0003797258755353023
包商,0.0003797258755353023
拿走,0.0003760115909211009
搜索,0.000375810777133698
死守,0.0003757699876863585
引渡,0.0003739090935080897
送出,0.000372746438000532
跳舞,0.00037252240599179175
依此,0.00036979737000366583
超值,0.00036524211812588505
免除,0.0003631231347745585
引用,0.00036085262581835297
便是,0.00036049054388580216
划水,0.00035897613858381185
放任,0.0003582644640957543
即刻,0.0003578841848570011
存放,0.0003566295199414924
解雇,0.000354903288406995
褪色,0.00035364216296728885
缺少,0.0003534764564239867
踏入,0.00035182975942124817
急急,0.0003492589911347186
接取,0.0003481399924586888
怪怪,0.0003481399924586888
存取,0.00034587145316725
減成,0.00034370805100088404
起跌,0.00034370805100088404
抱到,0.00034370805100088404
沒差,0.00034370805100088404
想著,0.00034370805100088404
倒成,0.00034370805100088404
一來,0.00034370805100088404
推款,0.00034370805100088404
肥單,0.00034370805100088404
仍稍,0.00034370805100088404
要選,0.00034370805100088404
開家,0.00034370805100088404
更偏,0.00034370805100088404
來漲,0.00034370805100088404
無新,0.00034370805100088404
填權,0.00034370805100088404
帶下,0.00034370805100088404
下連,0.00034370805100088404
增約,0.00034370805100088404
拚後,0.00034370805100088404
點創,0.00034370805100088404
政盪,0.00034370805100088404
自至,0.00034370805100088404
已自,0.00034370805100088404
新揚,0.00034370805100088404
初估,0.00034370805100088404
已偏,0.00034370805100088404
撐著,0.00034370805100088404
比已,0.00034370805100088404
值為,0.00034370805100088404
掀新,0.00034370805100088404
抽單,0.00034370805100088404
樂當,0.00034370805100088404
炒底,0.00034370805100088404
重覆,0.00034370805100088404
展匯,0.00034370805100088404
過強,0.00034370805100088404
再漲,0.00034370805100088404
了到,0.00034370805100088404
回弱,0.00034370805100088404
拚在,0.00034370805100088404
剩約,0.00034370805100088404
上加,0.00034370805100088404
透弱,0.00034370805100088404
只剩,0.00034370805100088404
分繼,0.00034370805100088404
占成,0.00034370805100088404
降回,0.00034370805100088404
超來,0.00034370805100088404
控良,0.00034370805100088404
要換,0.00034370805100088404
保新,0.00034370805100088404
略縮,0.00034370805100088404
率降,0.00034370805100088404
密望,0.00034370805100088404
登新,0.00034370805100088404
僅遠,0.00034370805100088404
收作,0.00034370805100088404
指及,0.00034370805100088404
新換,0.00034370805100088404
急彈,0.00034370805100088404
最輕,0.00034370805100088404
買送,0.00034370805100088404
抗貶,0.00034370805100088404
遭不願,0.00034370805100088404
先續,0.00034370805100088404
旅行,0.00034341895305253474
沿用,0.0003404511486211878
做成,0.0003403450573877105
攻守,0.000340331526343916
炒股,0.0003394018008744529
拖到,0.00033745492052081913
激昂,0.0003370621473520596
起到,0.00033629545060908376
破裂,0.00033525376675382925
烘焙,0.00033345339320189465
防堵,0.00033345339320189465
能以,0.00033265601762526325
肆虐,0.00033197145621841913
免疫,0.0003314699326608063
抓住,0.00033070705035579003
惜售,0.00032967324219094785
未曾,0.0003287136024413665
摸到,0.00032781394549081063
不凡,0.00032354747288520564
全然,0.00032096086138564046
偏偏,0.00032055512988291273
干涉,0.0003200227025688759
抱有,0.00031878211025106564
再加,0.00031831537138945
尚可,0.00031831537138945
依靠,0.00031752178210218003
不信,0.0003135831750216709
回想,0.00031314165640529884
迷思,0.0003121221679271457
乖乖,0.0003117630286809893
改以,0.00031078468445664754
崩落,0.00030950666473078547
募得,0.00030950666473078547
更快,0.0003070608644368095
最小,0.000306361264184522
大喊,0.00030605786760262206
搭建,0.00030524290326536187
缺失,0.00030460398177528436
止不住,0.00030460398177528436
外逃,0.00030385110415088367
起算,0.00030284220379940633
回合,0.0003027526684266893
鼓吹,0.0003024531801336189
握手,0.0003021561669783722
融入,0.0003018615883843539
碰面,0.00030092477944611756
分成,0.0003002188089700777
屈居,0.00029912727480647174
休憩,0.00029912727480647174
凶猛,0.0002990414450821911
探索,0.00029817840645899067
知悉,0.0002966256359585127
磨合,0.0002966256359585127
打回,0.0002958378960029326
了不起,0.00029543169345130714
四射,0.0002950711649701352
自控,0.0002950711649701352
比如,0.00029488256885924373
退市,0.0002943443988082831
截稿,0.00029359644635189433
看台,0.00029359644635189433
吞下去,0.000292886516213244
占地,0.00029271584373953297
深刻,0.00029147359221157654
出身,0.00029022932314187754
微升,0.0002902101004751054
增大,0.000289702183626327
偏高,0.00028966469465308665
分在,0.00028957819130722286
充作,0.00028895987264298086
掌上,0.00028895987264298086
送到,0.00028828491878585754
加成,0.00028718091086704954
不限,0.00028661157127660337
走味,0.0002847944066514767
追究,0.00028362088115642544
加高,0.00028053628484995716
超市,0.00028009138284552964
清除,0.0002794566928446671
移送,0.0002791988013814716
改口,0.0002791988013814716
放水,0.0002787664517334521
趁此,0.00027834050750177896
好手,0.00027709927691763644
近似,0.00027651360718084915
想必,0.0002763689857091003
好景不常,0.00027605134941384495
姑且,0.0002755235012165862
算了,0.00027523249931788943
愉快,0.0002700943473581692
租出,0.0002698480515838047
作成,0.0002687271560625904
黯然,0.0002684260987589756
震怒,0.0002678332796167531
矛盾,0.0002668548890074536
不配,0.00026640260089702214
扣押,0.0002650397528833368
核爆,0.00026503639996909296
不降,0.0002645122021226649
出台,0.00026342817977215063
快捷,0.00026323418239766543
走下,0.0002629852569485434
平常,0.000262624548715562
吞食,0.00026153533411171087
燃起,0.00026130063313663053
求售,0.0002611049943440166
交互,0.0002592703279561839
大抵,0.00025799230823118446
放錢,0.00025778103825066306
拚百,0.00025778103825066306
拓市,0.00025778103825066306
攀至,0.00025778103825066306
自開,0.00025778103825066306
率僅,0.00025778103825066306
展及,0.00025778103825066306
是續,0.00025778103825066306
爆跌,0.00025778103825066306
自起,0.00025778103825066306
下給,0.00025778103825066306
代打,0.00025778103825066306
續滑,0.00025778103825066306
值向,0.00025778103825066306
極高,0.00025778103825066306
了以,0.00025778103825066306
強有,0.00025778103825066306
下測,0.00025778103825066306
起受,0.00025778103825066306
強以,0.00025778103825066306
了進,0.00025778103825066306
盯著,0.00025778103825066306
爽爽,0.00025778103825066306
訪台,0.00025778103825066306
可逐,0.00025778103825066306
估不到,0.00025778103825066306
反將,0.00025778103825066306
要跌,0.00025778103825066306
達不到,0.00025778103825066306
短觀,0.00025778103825066306
至時,0.00025778103825066306
進可,0.00025778103825066306
整組,0.00025778103825066306
了名,0.00025778103825066306
要賣,0.00025778103825066306
買漲,0.00025778103825066306
低至,0.00025778103825066306
搶發,0.00025778103825066306
可助,0.00025778103825066306
增不減,0.00025778103825066306
興凡,0.00025778103825066306
下恐,0.00025778103825066306
等受,0.00025778103825066306
連虧,0.00025778103825066306
最難,0.00025778103825066306
將漸,0.00025778103825066306
拼翻,0.00025778103825066306
買越,0.00025778103825066306
採股,0.00025778103825066306
增前,0.00025778103825066306
恐慘,0.00025778103825066306
有續,0.00025778103825066306
齊佳,0.00025778103825066306
賣買,0.00025778103825066306
實為,0.00025778103825066306
略降,0.00025778103825066306
可漲,0.00025778103825066306
